{"p_gens": [[0.14483828842639923], [0.8090969324111938], [0.09346237778663635]], "article_lst": ["Brazil", "won", "the", "match", "by", "2-0", "against", "england", "on", "saturday", "."], "abstract_str": "!!____!!", "attn_dists": [[0.9860879778862, 6.395952368620783e-05, 0.0007590033346787095, 0.0008712312555871904, 3.874925766922388e-07, 0.009408805519342422, 2.639824856487394e-07, 0.00275534950196743, 5.58277804429963e-07, 4.3996315071126446e-05, 8.40675420477055e-06], [7.565643755924611e-08, 0.9995279908180237, 1.8959971725962532e-07, 0.00028070551343262196, 1.512426251792931e-06, 0.0001600623072590679, 3.9256480732774435e-08, 9.401490785876376e-08, 1.337999606221274e-06, 5.6066319586989266e-08, 2.800566107907798e-05], [0.0005685678916051984, 2.599951143267276e-09, 0.0002923467254731804, 0.0002428118750685826, 2.2568085569218965e-06, 0.0064500500448048115, 4.492561492952518e-05, 0.9923574328422546, 5.244675776339136e-06, 9.719088666315656e-06, 2.6654173780116253e-05]], "decoded_lst": ["brazil", "beat", "england"]}